{"imgs/.DS_Store":["imgs/.DS_Store"],"imgs/68747470733a2f2f6d6b617265656d2e6465762f77702d636f6e74656e742f75706c6f6164732f323032302f30332f417274626f61726666642d312e706e67.png":["imgs/68747470733a2f2f6d6b617265656d2e6465762f77702d636f6e74656e742f75706c6f6164732f323032302f30332f417274626f61726666642d312e706e67.png"],"packages/cupertino_icons/assets/CupertinoIcons.ttf":["packages/cupertino_icons/assets/CupertinoIcons.ttf"],"fonts/LinkWork.ttf":["fonts/LinkWork.ttf"],"fonts/Myicons.ttf":["fonts/Myicons.ttf"],"fonts/OtherList.ttf":["fonts/OtherList.ttf"],"fonts/Paypalicon.ttf":["fonts/Paypalicon.ttf"],"fonts/Soshal.ttf":["fonts/Soshal.ttf"],"imgs/all.jpg":["imgs/all.jpg"],"imgs/api.jpg":["imgs/api.jpg"],"imgs/care.png":["imgs/care.png"],"imgs/cou.png":["imgs/cou.png"],"imgs/covid.png":["imgs/covid.png"],"imgs/death.jpg":["imgs/death.jpg"],"imgs/eay.png":["imgs/eay.png"],"imgs/good.png":["imgs/good.png"],"imgs/hand.png":["imgs/hand.png"],"imgs/mansick.png":["imgs/mansick.png"],"imgs/map.png":["imgs/map.png"],"imgs/my.jpg":["imgs/my.jpg"],"imgs/prod.png":["imgs/prod.png"],"imgs/rec.jpg":["imgs/rec.jpg"]}