[{"family":"MaterialIcons","fonts":[{"asset":"fonts/MaterialIcons-Regular.ttf"}]},{"family":"myicons","fonts":[{"asset":"fonts/Myicons.ttf"}]},{"family":"Soshal","fonts":[{"asset":"fonts/Soshal.ttf"}]},{"family":"OtherList","fonts":[{"asset":"fonts/OtherList.ttf"}]},{"family":"LinkWork","fonts":[{"asset":"fonts/LinkWork.ttf"}]},{"family":"Paypalicon","fonts":[{"asset":"fonts/Paypalicon.ttf"}]},{"family":"packages/cupertino_icons/CupertinoIcons","fonts":[{"asset":"packages/cupertino_icons/assets/CupertinoIcons.ttf"}]}]